param_boosting_type,param_learning_rate,param_n_estimators,param_num_leaves,param_reg_alpha,param_reg_lambda,param_subsample,rank_test_average_precision_score
dart,0.01,8,12,1.0,1.0,0.75,1
dart,0.01,8,12,1.0,1.0,0.7,1
gbdt,0.005,16,12,1.0,1.0,0.7,3
gbdt,0.005,16,12,1.0,1.0,0.75,3
dart,0.01,8,12,1.0,1.2,0.75,5
dart,0.01,8,12,1.0,1.2,0.7,5
gbdt,0.01,8,12,1.0,1.0,0.75,7
gbdt,0.01,8,12,1.0,1.0,0.7,7
dart,0.005,16,12,1.2,1.4,0.75,9
dart,0.005,16,12,1.2,1.4,0.7,9
dart,0.005,16,12,1.0,1.4,0.75,9
dart,0.005,16,12,1.2,1.2,0.7,9
dart,0.005,16,12,1.2,1.2,0.75,9
dart,0.005,16,12,1.0,1.4,0.7,9
gbdt,0.01,8,12,1.2,1.0,0.7,15
gbdt,0.01,8,12,1.2,1.0,0.75,15
dart,0.01,16,12,1.2,1.0,0.7,17
dart,0.01,16,12,1.2,1.0,0.75,17
gbdt,0.005,8,12,1.2,1.2,0.7,19
gbdt,0.005,8,12,1.2,1.2,0.75,19
gbdt,0.01,8,12,1.2,1.4,0.75,21
gbdt,0.01,8,12,1.2,1.4,0.7,21
gbdt,0.01,8,12,1.2,1.2,0.75,21
gbdt,0.01,8,12,1.0,1.4,0.75,21
gbdt,0.01,8,12,1.0,1.4,0.7,21
gbdt,0.01,8,12,1.2,1.2,0.7,21
gbdt,0.001,16,12,1.0,1.0,0.75,27
dart,0.001,16,12,1.0,1.0,0.7,27
dart,0.001,16,12,1.0,1.0,0.75,27
gbdt,0.001,16,12,1.0,1.0,0.7,27
dart,0.001,24,12,1.0,1.0,0.75,27
dart,0.001,24,12,1.0,1.0,0.7,27
dart,0.01,24,12,1.2,1.0,0.7,33
dart,0.01,24,12,1.2,1.0,0.75,33
gbdt,0.01,8,12,1.0,1.2,0.75,35
gbdt,0.01,8,12,1.0,1.2,0.7,35
dart,0.001,24,12,1.2,1.0,0.75,37
dart,0.001,16,12,1.0,1.4,0.75,37
dart,0.001,24,12,1.0,1.2,0.75,37
dart,0.001,24,12,1.2,1.0,0.7,37
dart,0.001,16,12,1.2,1.0,0.75,37
dart,0.001,16,12,1.2,1.2,0.7,37
dart,0.001,16,12,1.0,1.2,0.7,37
dart,0.001,16,12,1.0,1.2,0.75,37
dart,0.001,16,12,1.2,1.0,0.7,37
dart,0.001,16,12,1.2,1.4,0.75,37
dart,0.001,16,12,1.2,1.4,0.7,37
dart,0.001,16,12,1.2,1.2,0.75,37
dart,0.001,16,12,1.0,1.4,0.7,37
dart,0.001,24,12,1.0,1.2,0.7,37
gbdt,0.005,16,12,1.2,1.0,0.7,51
gbdt,0.005,16,12,1.0,1.2,0.75,51
gbdt,0.005,16,12,1.0,1.2,0.7,51
gbdt,0.005,16,12,1.2,1.0,0.75,51
dart,0.005,8,12,1.2,1.4,0.75,55
dart,0.005,8,12,1.2,1.4,0.7,55
gbdt,0.01,16,12,1.0,1.0,0.7,57
gbdt,0.01,16,12,1.0,1.0,0.75,57
dart,0.005,24,12,1.2,1.0,0.7,59
dart,0.005,24,12,1.2,1.0,0.75,59
gbdt,0.005,8,12,1.2,1.4,0.75,61
gbdt,0.005,8,12,1.0,1.4,0.75,61
gbdt,0.005,8,12,1.0,1.4,0.7,61
gbdt,0.005,8,12,1.2,1.4,0.7,61
dart,0.005,24,12,1.0,1.4,0.7,65
dart,0.005,24,12,1.0,1.4,0.75,65
dart,0.01,24,12,1.0,1.2,0.75,67
dart,0.01,24,12,1.0,1.2,0.7,67
gbdt,0.001,24,12,1.0,1.0,0.75,69
gbdt,0.001,24,12,1.0,1.0,0.7,69
gbdt,0.001,16,12,1.2,1.4,0.7,71
gbdt,0.001,16,12,1.2,1.0,0.7,71
gbdt,0.001,24,12,1.2,1.2,0.75,71
gbdt,0.001,16,12,1.2,1.0,0.75,71
gbdt,0.001,16,12,1.2,1.2,0.75,71
gbdt,0.001,16,12,1.2,1.4,0.75,71
gbdt,0.001,16,12,1.0,1.4,0.7,71
gbdt,0.001,24,12,1.0,1.4,0.7,71
dart,0.005,8,12,1.0,1.4,0.7,71
gbdt,0.001,24,12,1.2,1.4,0.75,71
gbdt,0.001,16,12,1.2,1.2,0.7,71
gbdt,0.001,24,12,1.0,1.4,0.75,71
dart,0.005,8,12,1.2,1.2,0.7,71
gbdt,0.001,16,12,1.0,1.2,0.75,71
gbdt,0.001,16,12,1.0,1.4,0.75,71
dart,0.005,8,12,1.2,1.2,0.75,71
dart,0.001,24,12,1.2,1.2,0.75,71
dart,0.001,24,12,1.2,1.2,0.7,71
gbdt,0.001,24,12,1.2,1.2,0.7,71
dart,0.001,24,12,1.0,1.4,0.7,71
dart,0.001,24,12,1.0,1.4,0.75,71
gbdt,0.001,24,12,1.2,1.0,0.7,71
dart,0.001,24,12,1.2,1.4,0.7,71
gbdt,0.001,16,12,1.0,1.2,0.7,71
gbdt,0.001,24,12,1.0,1.2,0.7,71
gbdt,0.001,24,12,1.2,1.0,0.75,71
dart,0.001,24,12,1.2,1.4,0.75,71
dart,0.005,8,12,1.0,1.4,0.75,71
gbdt,0.001,24,12,1.0,1.2,0.75,71
gbdt,0.001,24,12,1.2,1.4,0.7,71
gbdt,0.005,8,12,1.0,1.0,0.7,101
gbdt,0.005,8,12,1.0,1.0,0.75,101
dart,0.01,8,12,1.0,1.4,0.7,103
dart,0.01,8,12,1.2,1.0,0.7,103
dart,0.01,8,12,1.2,1.2,0.75,103
dart,0.01,8,12,1.2,1.2,0.7,103
dart,0.01,8,12,1.0,1.4,0.75,103
dart,0.01,8,12,1.2,1.0,0.75,103
gbdt,0.005,8,12,1.2,1.0,0.75,109
gbdt,0.005,8,12,1.2,1.0,0.7,109
dart,0.01,16,12,1.0,1.4,0.7,111
dart,0.01,16,12,1.0,1.4,0.75,111
dart,0.01,16,12,1.2,1.2,0.7,111
gbdt,0.005,24,12,1.0,1.0,0.75,111
gbdt,0.005,24,12,1.0,1.0,0.7,111
dart,0.01,16,12,1.2,1.2,0.75,111
dart,0.01,24,12,1.0,1.4,0.7,117
dart,0.01,24,12,1.0,1.4,0.75,117
gbdt,0.01,24,12,1.2,1.2,0.75,119
gbdt,0.01,24,12,1.2,1.2,0.7,119
dart,0.005,24,12,1.2,1.4,0.75,121
dart,0.005,24,12,1.2,1.4,0.7,121
gbdt,0.005,24,12,1.2,1.2,0.75,123
gbdt,0.005,24,12,1.0,1.4,0.7,123
gbdt,0.005,24,12,1.2,1.2,0.7,123
gbdt,0.005,24,12,1.0,1.4,0.75,123
gbdt,0.01,24,12,1.0,1.4,0.75,127
gbdt,0.01,24,12,1.0,1.4,0.7,127
dart,0.005,16,12,1.0,1.2,0.75,129
dart,0.01,8,12,1.2,1.4,0.7,129
dart,0.005,16,12,1.0,1.2,0.7,129
dart,0.01,8,12,1.2,1.4,0.75,129
dart,0.01,16,12,1.2,1.4,0.7,133
dart,0.01,16,12,1.2,1.4,0.75,133
dart,0.005,24,12,1.0,1.0,0.7,135
dart,0.005,24,12,1.0,1.0,0.75,135
dart,0.01,16,12,1.0,1.0,0.75,137
dart,0.01,16,12,1.0,1.0,0.7,137
dart,0.005,16,12,1.0,1.0,0.7,139
dart,0.005,16,12,1.0,1.0,0.75,139
gbdt,0.01,24,12,1.0,1.0,0.75,141
gbdt,0.01,24,12,1.0,1.0,0.7,141
gbdt,0.005,8,12,1.0,1.2,0.7,143
gbdt,0.005,8,12,1.0,1.2,0.75,143
gbdt,0.005,16,12,1.0,1.4,0.7,145
gbdt,0.005,16,12,1.2,1.2,0.7,145
gbdt,0.005,16,12,1.0,1.4,0.75,145
gbdt,0.005,16,12,1.2,1.2,0.75,145
dart,0.005,24,12,1.0,1.2,0.75,149
dart,0.005,24,12,1.0,1.2,0.7,149
dart,0.005,16,12,1.2,1.0,0.75,149
dart,0.005,16,12,1.2,1.0,0.7,149
dart,0.01,16,12,1.0,1.2,0.7,153
dart,0.01,16,12,1.0,1.2,0.75,153
gbdt,0.005,24,12,1.2,1.4,0.75,155
gbdt,0.005,24,12,1.2,1.4,0.7,155
gbdt,0.01,24,12,1.2,1.4,0.75,157
gbdt,0.01,24,12,1.2,1.4,0.7,157
gbdt,0.01,24,12,1.0,1.2,0.75,159
gbdt,0.01,24,12,1.0,1.2,0.7,159
dart,0.01,24,12,1.2,1.2,0.75,161
dart,0.01,24,12,1.2,1.2,0.7,161
gbdt,0.01,24,12,1.2,1.0,0.7,163
gbdt,0.01,24,12,1.2,1.0,0.75,163
dart,0.005,8,12,1.0,1.0,0.7,165
dart,0.005,8,12,1.0,1.0,0.75,165
gbdt,0.005,24,12,1.2,1.0,0.75,167
gbdt,0.005,24,12,1.0,1.2,0.7,167
gbdt,0.005,24,12,1.0,1.2,0.75,167
gbdt,0.005,24,12,1.2,1.0,0.7,167
dart,0.005,8,12,1.2,1.0,0.7,171
dart,0.005,8,12,1.2,1.0,0.75,171
dart,0.005,8,12,1.0,1.2,0.7,171
dart,0.005,8,12,1.0,1.2,0.75,171
dart,0.005,24,12,1.2,1.2,0.7,175
dart,0.005,24,12,1.2,1.2,0.75,175
gbdt,0.005,16,12,1.2,1.4,0.7,175
gbdt,0.005,16,12,1.2,1.4,0.75,175
gbdt,0.01,16,12,1.2,1.2,0.75,179
gbdt,0.01,16,12,1.2,1.2,0.7,179
gbdt,0.01,16,12,1.0,1.4,0.75,179
gbdt,0.01,16,12,1.0,1.4,0.7,179
dart,0.01,24,12,1.2,1.4,0.7,183
dart,0.01,24,12,1.2,1.4,0.75,183
gbdt,0.01,16,12,1.0,1.2,0.7,185
gbdt,0.01,16,12,1.2,1.0,0.75,185
gbdt,0.01,16,12,1.2,1.0,0.7,185
gbdt,0.01,16,12,1.0,1.2,0.75,185
gbdt,0.01,16,12,1.2,1.4,0.75,189
gbdt,0.01,16,12,1.2,1.4,0.7,189
dart,0.01,24,12,1.0,1.0,0.75,191
dart,0.01,24,12,1.0,1.0,0.7,191
gbdt,0.01,24,8,1.0,1.0,0.7,193
gbdt,0.01,24,8,1.2,1.0,0.75,193
gbdt,0.01,24,8,1.2,1.0,0.7,193
gbdt,0.01,24,8,1.0,1.0,0.75,193
dart,0.01,24,8,1.0,1.0,0.7,197
dart,0.01,24,8,1.0,1.0,0.75,197
gbdt,0.01,24,8,1.0,1.4,0.75,199
gbdt,0.01,24,8,1.0,1.2,0.7,199
gbdt,0.01,24,8,1.0,1.4,0.7,199
gbdt,0.01,24,8,1.0,1.2,0.75,199
gbdt,0.01,24,8,1.2,1.2,0.75,199
gbdt,0.01,24,8,1.2,1.4,0.7,199
gbdt,0.01,24,8,1.2,1.4,0.75,199
gbdt,0.01,24,8,1.2,1.2,0.7,199
dart,0.005,24,8,1.0,1.4,0.75,207
gbdt,0.01,8,8,1.0,1.0,0.7,207
dart,0.005,24,8,1.2,1.0,0.75,207
gbdt,0.005,16,8,1.2,1.2,0.75,207
dart,0.005,24,8,1.2,1.2,0.7,207
dart,0.005,24,8,1.2,1.4,0.7,207
dart,0.005,24,8,1.2,1.4,0.75,207
dart,0.01,8,8,1.0,1.4,0.7,207
dart,0.01,8,8,1.0,1.4,0.75,207
dart,0.01,8,8,1.2,1.2,0.7,207
dart,0.01,8,8,1.2,1.2,0.75,207
dart,0.005,24,8,1.2,1.2,0.75,207
dart,0.005,24,8,1.2,1.0,0.7,207
dart,0.005,24,8,1.0,1.0,0.75,207
gbdt,0.005,16,8,1.0,1.2,0.75,207
gbdt,0.005,16,8,1.0,1.4,0.7,207
dart,0.005,16,8,1.0,1.2,0.7,207
dart,0.005,16,8,1.0,1.2,0.75,207
gbdt,0.005,16,8,1.2,1.0,0.7,207
gbdt,0.005,16,8,1.0,1.4,0.75,207
dart,0.005,16,8,1.0,1.4,0.7,207
dart,0.005,16,8,1.0,1.4,0.75,207
gbdt,0.005,16,8,1.2,1.0,0.75,207
dart,0.005,24,8,1.0,1.4,0.7,207
gbdt,0.005,16,8,1.2,1.2,0.7,207
gbdt,0.005,16,8,1.2,1.4,0.75,207
dart,0.005,16,8,1.2,1.2,0.75,207
dart,0.005,16,8,1.2,1.0,0.7,207
gbdt,0.01,8,8,1.2,1.0,0.75,207
gbdt,0.01,8,8,1.2,1.4,0.75,207
gbdt,0.01,8,8,1.2,1.2,0.75,207
gbdt,0.01,8,8,1.0,1.4,0.75,207
gbdt,0.01,8,8,1.0,1.4,0.7,207
gbdt,0.01,8,8,1.0,1.2,0.75,207
gbdt,0.01,8,8,1.2,1.4,0.7,207
gbdt,0.01,8,8,1.2,1.0,0.7,207
gbdt,0.005,16,8,1.2,1.4,0.7,207
dart,0.01,8,8,1.2,1.4,0.75,207
gbdt,0.005,16,8,1.0,1.0,0.7,207
dart,0.005,16,8,1.2,1.0,0.75,207
gbdt,0.005,16,8,1.0,1.2,0.7,207
dart,0.005,24,8,1.0,1.2,0.75,207
gbdt,0.01,8,8,1.2,1.2,0.7,207
dart,0.005,16,8,1.2,1.2,0.7,207
gbdt,0.005,16,8,1.0,1.0,0.75,207
dart,0.005,24,8,1.0,1.0,0.7,207
dart,0.005,24,8,1.0,1.2,0.7,207
gbdt,0.01,8,8,1.0,1.0,0.75,207
dart,0.005,16,8,1.2,1.4,0.75,207
dart,0.005,16,8,1.2,1.4,0.7,207
dart,0.01,8,8,1.2,1.4,0.7,207
gbdt,0.01,8,8,1.0,1.2,0.7,207
gbdt,0.005,8,8,1.0,1.0,0.75,259
gbdt,0.005,8,8,1.0,1.0,0.7,259
gbdt,0.01,16,8,1.0,1.2,0.75,261
gbdt,0.01,16,8,1.0,1.4,0.75,261
gbdt,0.01,16,8,1.0,1.0,0.7,261
gbdt,0.01,16,8,1.0,1.0,0.75,261
gbdt,0.01,16,8,1.0,1.2,0.7,261
gbdt,0.01,16,8,1.0,1.4,0.7,261
gbdt,0.01,16,8,1.2,1.0,0.75,261
gbdt,0.01,16,8,1.2,1.2,0.75,261
gbdt,0.01,16,8,1.2,1.4,0.7,261
gbdt,0.01,16,8,1.2,1.4,0.75,261
gbdt,0.01,16,8,1.2,1.0,0.7,261
gbdt,0.01,16,8,1.2,1.2,0.7,261
gbdt,0.005,24,8,1.2,1.0,0.7,273
gbdt,0.005,24,8,1.2,1.0,0.75,273
gbdt,0.005,24,8,1.0,1.0,0.75,273
gbdt,0.005,24,8,1.2,1.2,0.7,273
gbdt,0.005,24,8,1.2,1.4,0.7,273
gbdt,0.005,24,8,1.2,1.4,0.75,273
dart,0.01,24,8,1.2,1.0,0.7,273
dart,0.01,24,8,1.0,1.4,0.75,273
dart,0.005,16,8,1.0,1.0,0.75,273
gbdt,0.005,24,8,1.2,1.2,0.75,273
gbdt,0.005,24,8,1.0,1.4,0.75,273
gbdt,0.005,24,8,1.0,1.0,0.7,273
gbdt,0.005,24,8,1.0,1.2,0.7,273
dart,0.01,24,8,1.2,1.2,0.7,273
dart,0.01,24,8,1.2,1.0,0.75,273
dart,0.01,24,8,1.0,1.2,0.75,273
dart,0.01,24,8,1.2,1.2,0.75,273
dart,0.01,24,8,1.2,1.4,0.7,273
dart,0.005,16,8,1.0,1.0,0.7,273
gbdt,0.005,24,8,1.0,1.4,0.7,273
dart,0.01,24,8,1.2,1.4,0.75,273
dart,0.01,24,8,1.0,1.4,0.7,273
gbdt,0.005,24,8,1.0,1.2,0.75,273
dart,0.01,16,8,1.2,1.2,0.75,273
dart,0.01,16,8,1.2,1.0,0.75,273
dart,0.01,8,8,1.2,1.0,0.75,273
dart,0.01,8,8,1.2,1.0,0.7,273
dart,0.01,16,8,1.0,1.0,0.75,273
dart,0.01,16,8,1.0,1.0,0.7,273
dart,0.01,8,8,1.0,1.2,0.75,273
dart,0.01,8,8,1.0,1.0,0.75,273
dart,0.01,16,8,1.2,1.4,0.7,273
dart,0.01,16,8,1.2,1.0,0.7,273
dart,0.01,16,8,1.0,1.2,0.7,273
dart,0.01,16,8,1.0,1.2,0.75,273
dart,0.01,16,8,1.0,1.4,0.7,273
dart,0.01,16,8,1.0,1.4,0.75,273
dart,0.01,8,8,1.0,1.2,0.7,273
dart,0.01,16,8,1.2,1.4,0.75,273
dart,0.01,16,8,1.2,1.2,0.7,273
dart,0.01,24,8,1.0,1.2,0.7,273
dart,0.01,8,8,1.0,1.0,0.7,273
dart,0.001,24,8,1.2,1.4,0.7,315
dart,0.005,8,8,1.0,1.4,0.7,315
gbdt,0.005,8,8,1.0,1.2,0.7,315
gbdt,0.001,16,8,1.0,1.2,0.75,315
dart,0.001,24,8,1.2,1.0,0.75,315
gbdt,0.001,16,8,1.2,1.2,0.75,315
dart,0.001,24,8,1.0,1.4,0.7,315
dart,0.001,24,8,1.2,1.2,0.75,315
dart,0.001,24,8,1.0,1.4,0.75,315
dart,0.005,8,8,1.0,1.4,0.75,315
dart,0.001,24,8,1.2,1.0,0.7,315
dart,0.005,8,8,1.2,1.0,0.7,315
dart,0.005,8,8,1.0,1.2,0.7,315
dart,0.005,8,8,1.2,1.0,0.75,315
dart,0.001,24,8,1.0,1.2,0.75,315
dart,0.005,8,8,1.2,1.2,0.7,315
gbdt,0.005,8,8,1.0,1.2,0.75,315
dart,0.001,24,8,1.2,1.2,0.7,315
gbdt,0.001,8,8,1.2,1.2,0.75,315
gbdt,0.001,8,8,1.2,1.0,0.7,315
gbdt,0.005,8,8,1.0,1.4,0.7,315
dart,0.005,8,8,1.2,1.2,0.75,315
gbdt,0.001,16,8,1.2,1.4,0.7,315
gbdt,0.005,8,8,1.2,1.4,0.75,315
gbdt,0.001,8,8,1.0,1.0,0.7,315
gbdt,0.001,8,8,1.0,1.0,0.75,315
gbdt,0.001,8,8,1.0,1.2,0.7,315
gbdt,0.001,8,8,1.0,1.2,0.75,315
gbdt,0.001,8,8,1.0,1.4,0.7,315
gbdt,0.001,8,8,1.2,1.4,0.7,315
gbdt,0.001,8,8,1.2,1.4,0.75,315
gbdt,0.001,8,8,1.2,1.0,0.75,315
gbdt,0.005,8,8,1.2,1.4,0.7,315
gbdt,0.001,8,8,1.2,1.2,0.7,315
gbdt,0.005,8,8,1.2,1.2,0.75,315
gbdt,0.005,8,8,1.2,1.2,0.7,315
gbdt,0.005,8,8,1.2,1.0,0.75,315
gbdt,0.005,8,8,1.2,1.0,0.7,315
gbdt,0.005,8,8,1.0,1.4,0.75,315
gbdt,0.001,8,8,1.0,1.4,0.75,315
dart,0.005,8,8,1.2,1.4,0.7,315
dart,0.001,16,8,1.2,1.2,0.7,315
dart,0.005,8,8,1.2,1.4,0.75,315
gbdt,0.001,24,8,1.0,1.0,0.7,315
dart,0.001,16,8,1.2,1.0,0.75,315
dart,0.001,16,8,1.2,1.0,0.7,315
gbdt,0.001,24,8,1.2,1.4,0.7,315
gbdt,0.001,24,8,1.2,1.2,0.75,315
dart,0.001,16,8,1.2,1.4,0.75,315
dart,0.001,16,8,1.2,1.4,0.7,315
dart,0.001,16,8,1.2,1.2,0.75,315
dart,0.001,16,8,1.0,1.4,0.75,315
dart,0.001,16,8,1.0,1.4,0.7,315
dart,0.001,16,8,1.0,1.2,0.75,315
dart,0.001,24,8,1.0,1.0,0.7,315
dart,0.001,24,8,1.0,1.0,0.75,315
dart,0.001,16,8,1.0,1.2,0.7,315
dart,0.001,16,8,1.0,1.0,0.75,315
dart,0.001,16,8,1.0,1.0,0.7,315
gbdt,0.001,24,8,1.2,1.4,0.75,315
gbdt,0.001,16,8,1.2,1.4,0.75,315
gbdt,0.001,16,8,1.2,1.2,0.7,315
dart,0.001,24,8,1.0,1.2,0.7,315
gbdt,0.001,16,8,1.2,1.0,0.7,315
dart,0.005,8,8,1.0,1.2,0.75,315
dart,0.005,8,8,1.0,1.0,0.75,315
gbdt,0.001,16,8,1.0,1.0,0.7,315
gbdt,0.001,24,8,1.2,1.2,0.7,315
gbdt,0.001,24,8,1.0,1.0,0.75,315
gbdt,0.001,24,8,1.0,1.2,0.7,315
gbdt,0.001,24,8,1.0,1.4,0.7,315
gbdt,0.001,24,8,1.0,1.4,0.75,315
gbdt,0.001,24,8,1.0,1.2,0.75,315
gbdt,0.001,24,8,1.2,1.0,0.7,315
gbdt,0.001,24,8,1.2,1.0,0.75,315
dart,0.001,24,8,1.2,1.4,0.75,315
dart,0.005,8,8,1.0,1.0,0.7,315
gbdt,0.001,16,8,1.0,1.0,0.75,315
gbdt,0.001,16,8,1.0,1.2,0.7,315
gbdt,0.001,16,8,1.0,1.4,0.7,315
gbdt,0.001,16,8,1.0,1.4,0.75,315
gbdt,0.001,16,8,1.2,1.0,0.75,315
gbdt,0.001,8,12,1.0,1.0,0.7,397
gbdt,0.001,8,12,1.0,1.0,0.75,397
gbdt,0.001,8,12,1.0,1.2,0.7,399
gbdt,0.001,8,12,1.2,1.2,0.75,399
gbdt,0.001,8,12,1.2,1.4,0.7,399
gbdt,0.001,8,12,1.2,1.4,0.75,399
gbdt,0.001,8,12,1.0,1.2,0.75,399
gbdt,0.001,8,12,1.2,1.0,0.7,399
gbdt,0.001,8,12,1.0,1.4,0.75,399
gbdt,0.001,8,12,1.2,1.0,0.75,399
gbdt,0.001,8,12,1.2,1.2,0.7,399
gbdt,0.001,8,12,1.0,1.4,0.7,399
dart,0.001,8,12,1.0,1.0,0.75,409
dart,0.001,8,12,1.0,1.0,0.7,409
dart,0.001,8,12,1.2,1.0,0.7,411
dart,0.001,8,12,1.2,1.2,0.75,411
dart,0.001,8,12,1.2,1.0,0.75,411
dart,0.001,8,12,1.0,1.2,0.7,411
dart,0.001,8,12,1.0,1.4,0.7,411
dart,0.001,8,12,1.0,1.4,0.75,411
dart,0.001,8,12,1.2,1.2,0.7,411
dart,0.001,8,12,1.0,1.2,0.75,411
dart,0.001,8,12,1.2,1.4,0.7,419
dart,0.001,8,12,1.2,1.4,0.75,419
gbdt,0.01,24,6,1.2,1.0,0.75,421
gbdt,0.01,24,6,1.0,1.4,0.75,421
gbdt,0.01,24,6,1.2,1.4,0.7,421
gbdt,0.01,24,6,1.2,1.2,0.75,421
gbdt,0.01,24,6,1.2,1.0,0.7,421
gbdt,0.01,24,6,1.2,1.2,0.7,421
gbdt,0.01,24,6,1.0,1.4,0.7,421
gbdt,0.01,24,6,1.0,1.2,0.7,421
gbdt,0.01,24,6,1.2,1.4,0.75,421
gbdt,0.01,24,6,1.0,1.0,0.75,421
gbdt,0.01,24,6,1.0,1.0,0.7,421
gbdt,0.01,24,6,1.0,1.2,0.75,421
gbdt,0.01,16,6,1.2,1.2,0.75,433
gbdt,0.01,16,6,1.2,1.4,0.75,433
gbdt,0.01,16,6,1.2,1.4,0.7,433
gbdt,0.01,16,6,1.0,1.2,0.7,433
gbdt,0.01,16,6,1.2,1.0,0.75,433
gbdt,0.01,16,6,1.2,1.2,0.7,433
gbdt,0.01,16,6,1.0,1.4,0.75,433
gbdt,0.01,16,6,1.2,1.0,0.7,433
gbdt,0.01,16,6,1.0,1.4,0.7,433
gbdt,0.01,16,6,1.0,1.2,0.75,433
gbdt,0.01,16,6,1.0,1.0,0.75,433
gbdt,0.01,16,6,1.0,1.0,0.7,433
dart,0.01,24,6,1.0,1.0,0.7,445
dart,0.01,24,6,1.0,1.0,0.75,445
dart,0.01,24,6,1.0,1.2,0.75,445
dart,0.01,24,6,1.0,1.4,0.7,445
dart,0.01,24,6,1.0,1.2,0.7,445
dart,0.01,24,6,1.2,1.0,0.7,445
dart,0.01,24,6,1.2,1.0,0.75,445
dart,0.01,24,6,1.2,1.2,0.7,445
dart,0.01,24,6,1.2,1.2,0.75,445
dart,0.01,24,6,1.0,1.4,0.75,445
dart,0.01,24,6,1.2,1.4,0.7,455
dart,0.01,24,6,1.2,1.4,0.75,455
dart,0.01,16,6,1.0,1.4,0.7,457
dart,0.01,16,6,1.0,1.4,0.75,457
dart,0.01,16,6,1.2,1.4,0.75,457
dart,0.01,16,6,1.2,1.4,0.7,457
dart,0.01,16,6,1.2,1.2,0.75,457
dart,0.01,16,6,1.2,1.2,0.7,457
dart,0.01,16,6,1.0,1.2,0.75,463
dart,0.01,16,6,1.0,1.2,0.7,463
dart,0.01,16,6,1.0,1.0,0.75,463
dart,0.01,16,6,1.2,1.0,0.75,463
dart,0.01,16,6,1.2,1.0,0.7,463
dart,0.01,16,6,1.0,1.0,0.7,463
gbdt,0.005,24,6,1.2,1.4,0.7,469
gbdt,0.005,24,6,1.0,1.2,0.75,469
gbdt,0.005,24,6,1.0,1.0,0.7,469
gbdt,0.005,24,6,1.0,1.4,0.75,469
gbdt,0.005,24,6,1.2,1.0,0.7,469
gbdt,0.005,24,6,1.2,1.0,0.75,469
gbdt,0.005,24,6,1.0,1.0,0.75,469
gbdt,0.005,24,6,1.2,1.2,0.75,469
gbdt,0.005,24,6,1.2,1.4,0.75,469
gbdt,0.005,24,6,1.0,1.2,0.7,469
gbdt,0.005,24,6,1.0,1.4,0.7,469
gbdt,0.005,24,6,1.2,1.2,0.7,469
gbdt,0.005,16,6,1.2,1.4,0.75,481
gbdt,0.01,8,6,1.2,1.4,0.75,481
dart,0.005,16,6,1.2,1.4,0.7,481
dart,0.005,16,6,1.0,1.4,0.7,481
dart,0.005,16,6,1.0,1.4,0.75,481
dart,0.005,16,6,1.2,1.0,0.7,481
dart,0.005,16,6,1.2,1.0,0.75,481
dart,0.005,16,6,1.2,1.2,0.7,481
dart,0.005,16,6,1.2,1.2,0.75,481
dart,0.005,16,6,1.2,1.4,0.75,481
gbdt,0.005,16,6,1.2,1.4,0.7,481
gbdt,0.01,8,6,1.0,1.0,0.75,481
gbdt,0.01,8,6,1.0,1.2,0.75,481
gbdt,0.01,8,6,1.0,1.4,0.7,481
gbdt,0.01,8,6,1.0,1.4,0.75,481
gbdt,0.01,8,6,1.2,1.0,0.7,481
gbdt,0.01,8,6,1.2,1.2,0.7,481
gbdt,0.01,8,6,1.2,1.2,0.75,481
gbdt,0.01,8,6,1.2,1.4,0.7,481
gbdt,0.01,8,6,1.0,1.2,0.7,481
gbdt,0.01,8,6,1.0,1.0,0.7,481
gbdt,0.01,8,6,1.2,1.0,0.75,481
gbdt,0.005,16,6,1.2,1.2,0.75,481
gbdt,0.005,16,6,1.0,1.0,0.75,481
gbdt,0.005,16,6,1.0,1.0,0.7,481
dart,0.005,24,6,1.2,1.2,0.7,481
dart,0.005,24,6,1.2,1.0,0.75,481
dart,0.005,24,6,1.2,1.0,0.7,481
dart,0.005,24,6,1.0,1.4,0.7,481
dart,0.005,24,6,1.0,1.2,0.75,481
dart,0.005,24,6,1.0,1.2,0.7,481
dart,0.005,24,6,1.0,1.0,0.75,481
dart,0.005,24,6,1.2,1.2,0.75,481
dart,0.005,24,6,1.2,1.4,0.75,481
dart,0.005,24,6,1.0,1.4,0.75,481
gbdt,0.005,16,6,1.0,1.2,0.7,481
dart,0.005,24,6,1.2,1.4,0.7,481
gbdt,0.005,16,6,1.0,1.4,0.7,481
gbdt,0.005,16,6,1.0,1.4,0.75,481
gbdt,0.005,16,6,1.0,1.2,0.75,481
gbdt,0.005,16,6,1.2,1.0,0.75,481
gbdt,0.005,16,6,1.2,1.2,0.7,481
dart,0.005,24,6,1.0,1.0,0.7,481
gbdt,0.005,16,6,1.2,1.0,0.7,481
dart,0.01,8,6,1.2,1.4,0.75,525
dart,0.01,8,6,1.2,1.4,0.7,525
dart,0.005,16,6,1.0,1.2,0.7,525
dart,0.005,16,6,1.0,1.2,0.75,525
dart,0.01,8,6,1.2,1.2,0.75,525
dart,0.005,16,6,1.0,1.0,0.7,525
dart,0.005,16,6,1.0,1.0,0.75,525
dart,0.01,8,6,1.0,1.4,0.75,525
dart,0.01,8,6,1.0,1.2,0.75,525
dart,0.01,8,6,1.2,1.0,0.75,525
dart,0.01,8,6,1.2,1.2,0.7,525
dart,0.01,8,6,1.0,1.0,0.7,525
dart,0.01,8,6,1.0,1.4,0.7,525
dart,0.01,8,6,1.0,1.2,0.7,525
dart,0.01,8,6,1.0,1.0,0.75,525
dart,0.01,8,6,1.2,1.0,0.7,525
gbdt,0.005,8,6,1.2,1.2,0.75,541
gbdt,0.005,8,6,1.0,1.4,0.75,541
gbdt,0.005,8,6,1.0,1.4,0.7,541
gbdt,0.005,8,6,1.2,1.4,0.75,541
gbdt,0.005,8,6,1.2,1.4,0.7,541
gbdt,0.005,8,6,1.2,1.2,0.7,541
gbdt,0.005,8,6,1.2,1.0,0.75,541
gbdt,0.005,8,6,1.2,1.0,0.7,541
gbdt,0.005,8,6,1.0,1.0,0.7,541
gbdt,0.005,8,6,1.0,1.0,0.75,541
gbdt,0.005,8,6,1.0,1.2,0.7,541
gbdt,0.005,8,6,1.0,1.2,0.75,541
dart,0.005,8,6,1.2,1.4,0.75,553
dart,0.005,8,6,1.2,1.4,0.7,553
dart,0.005,8,6,1.2,1.2,0.75,553
dart,0.005,8,6,1.2,1.0,0.75,553
dart,0.005,8,6,1.2,1.0,0.7,553
dart,0.005,8,6,1.2,1.2,0.7,553
dart,0.005,8,6,1.0,1.4,0.7,553
dart,0.005,8,6,1.0,1.2,0.7,553
dart,0.005,8,6,1.0,1.0,0.75,553
dart,0.005,8,6,1.0,1.0,0.7,553
dart,0.005,8,6,1.0,1.2,0.75,553
dart,0.005,8,6,1.0,1.4,0.75,553
dart,0.001,16,6,1.2,1.2,0.75,565
dart,0.001,16,6,1.2,1.2,0.7,565
dart,0.001,16,6,1.2,1.0,0.75,565
dart,0.001,16,6,1.2,1.0,0.7,565
dart,0.001,16,6,1.0,1.0,0.7,565
dart,0.001,16,6,1.0,1.4,0.7,565
dart,0.001,16,6,1.0,1.2,0.7,565
gbdt,0.001,16,6,1.2,1.2,0.7,565
dart,0.001,16,6,1.2,1.4,0.7,565
dart,0.001,16,6,1.0,1.4,0.75,565
dart,0.001,16,6,1.0,1.2,0.75,565
gbdt,0.001,16,6,1.0,1.0,0.7,565
gbdt,0.001,16,6,1.2,1.0,0.7,565
gbdt,0.001,16,6,1.0,1.4,0.75,565
gbdt,0.001,16,6,1.0,1.4,0.7,565
dart,0.001,16,6,1.0,1.0,0.75,565
gbdt,0.001,16,6,1.0,1.2,0.75,565
gbdt,0.001,16,6,1.0,1.0,0.75,565
gbdt,0.001,16,6,1.2,1.0,0.75,565
dart,0.001,24,6,1.0,1.2,0.75,565
dart,0.001,24,6,1.0,1.2,0.7,565
gbdt,0.001,16,6,1.0,1.2,0.7,565
dart,0.001,16,6,1.2,1.4,0.75,565
gbdt,0.001,16,6,1.2,1.4,0.7,565
gbdt,0.001,16,6,1.2,1.2,0.75,565
gbdt,0.001,24,6,1.0,1.0,0.75,565
gbdt,0.001,24,6,1.2,1.2,0.75,565
gbdt,0.001,24,6,1.2,1.4,0.75,565
dart,0.001,24,6,1.2,1.4,0.75,565
dart,0.001,24,6,1.2,1.4,0.7,565
dart,0.001,24,6,1.2,1.2,0.75,565
dart,0.001,24,6,1.2,1.2,0.7,565
dart,0.001,24,6,1.2,1.0,0.75,565
gbdt,0.001,24,6,1.2,1.4,0.7,565
dart,0.001,24,6,1.0,1.4,0.75,565
dart,0.001,24,6,1.0,1.4,0.7,565
dart,0.001,24,6,1.2,1.0,0.7,565
gbdt,0.001,16,6,1.2,1.4,0.75,565
dart,0.001,24,6,1.0,1.0,0.75,565
gbdt,0.001,24,6,1.2,1.2,0.7,565
gbdt,0.001,24,6,1.2,1.0,0.75,565
gbdt,0.001,24,6,1.2,1.0,0.7,565
gbdt,0.001,24,6,1.0,1.4,0.75,565
gbdt,0.001,24,6,1.0,1.4,0.7,565
gbdt,0.001,24,6,1.0,1.2,0.75,565
gbdt,0.001,24,6,1.0,1.2,0.7,565
dart,0.001,24,6,1.0,1.0,0.7,565
gbdt,0.001,24,6,1.0,1.0,0.7,565
gbdt,0.001,8,6,1.0,1.0,0.75,613
gbdt,0.001,8,6,1.2,1.4,0.75,613
gbdt,0.001,8,6,1.2,1.4,0.7,613
gbdt,0.001,8,6,1.2,1.2,0.75,613
gbdt,0.001,8,6,1.0,1.0,0.7,613
gbdt,0.001,8,6,1.0,1.2,0.7,613
gbdt,0.001,8,6,1.0,1.4,0.7,613
gbdt,0.001,8,6,1.0,1.4,0.75,613
gbdt,0.001,8,6,1.2,1.0,0.7,613
gbdt,0.001,8,6,1.2,1.0,0.75,613
gbdt,0.001,8,6,1.2,1.2,0.7,613
gbdt,0.001,8,6,1.0,1.2,0.75,613
dart,0.001,8,8,1.2,1.0,0.7,625
dart,0.001,8,8,1.2,1.4,0.7,625
dart,0.001,8,8,1.2,1.2,0.75,625
dart,0.001,8,8,1.2,1.0,0.75,625
dart,0.001,8,8,1.0,1.0,0.75,625
dart,0.001,8,8,1.2,1.2,0.7,625
dart,0.001,8,8,1.0,1.4,0.7,625
dart,0.001,8,8,1.0,1.2,0.75,625
dart,0.001,8,8,1.0,1.2,0.7,625
dart,0.001,8,8,1.0,1.0,0.7,625
dart,0.001,8,8,1.2,1.4,0.75,625
dart,0.001,8,8,1.0,1.4,0.75,625
dart,0.001,8,6,1.2,1.0,0.75,637
dart,0.001,8,6,1.2,1.4,0.75,637
dart,0.001,8,6,1.2,1.4,0.7,637
dart,0.001,8,6,1.2,1.2,0.75,637
dart,0.001,8,6,1.2,1.2,0.7,637
dart,0.001,8,6,1.0,1.2,0.75,637
dart,0.001,8,6,1.0,1.2,0.7,637
dart,0.001,8,6,1.0,1.4,0.7,637
dart,0.001,8,6,1.0,1.4,0.75,637
dart,0.001,8,6,1.0,1.0,0.7,637
dart,0.001,8,6,1.0,1.0,0.75,637
dart,0.001,8,6,1.2,1.0,0.7,637
